{"cameraMode":{"drawMode":0,"name":"Shaded","section":"Shading Mode"},"sceneLighting":false,"audioPlay":false,"sceneViewState":{"m_AlwaysRefresh":false,"showFog":true,"showSkybox":false,"showFlares":true,"showImageEffects":true,"showParticleSystems":true,"showVisualEffectGraphs":true,"m_FxEnabled":true},"in2DMode":false,"pivot":{"x":5.960464477539063e-7,"y":1.0407719612121583,"z":11.859563827514649},"rotation":{"x":0.11449216306209564,"y":0.28997698426246645,"z":-0.034965261816978458,"w":0.9495169520378113},"size":6.351529121398926,"orthographic":true}