{"cameraMode":{"drawMode":0,"name":"Shaded","section":"Shading Mode"},"sceneLighting":true,"audioPlay":false,"sceneViewState":{"m_AlwaysRefresh":false,"showFog":true,"showSkybox":true,"showFlares":true,"showImageEffects":true,"showParticleSystems":true,"showVisualEffectGraphs":true,"m_FxEnabled":true},"in2DMode":false,"pivot":{"x":-4.063908576965332,"y":-8.537239074707032,"z":6.8812575340271},"rotation":{"x":0.6964141726493836,"y":-0.0032293214462697508,"z":0.0031338692642748358,"w":0.7176271677017212},"size":35.575260162353519,"orthographic":true}